episode,1,201,401,601,801,1001,1201,1401,1601,1801,2001,2201,2401,2601,2801,3001,3201,3401,3601,3801,4001,4201,4401,4601,4801,5001,5201,5401,5601,5801,6001,6201,6401,6601,6801,7001,7201,7401,7601,7801,8001,8201,8401,8601,8801,9001,9201,9401,9601,9801,10001,10201,10401,10601,10801,11001,11201,11401,11601,11801,12001,12201,12401,12601,12801,13001,13201,13401,13601,13801,14001,14201,14401,14601,14801
step,1000,200981,400981,600680,800440,1000101,1200101,1400009,1600009,1799330,1999330,2199188,2399188,2599188,2799188,2999188,3199188,3399188,3599188,3799188,3999188,4199188,4399188,4599188,4799188,4998959,5198959,5398959,5598355,5797280,5997280,6197041,6397041,6597041,6796931,6996931,7196931,7396931,7596931,7796931,7996931,8196931,8396931,8596931,8796931,8995257,9194491,9394359,9594359,9794359,9994359,10194359,10393693,10593242,10793242,10993242,11192346,11392346,11592346,11791466,11991466,12191461,12391048,12591048,12790236,12990236,13190236,13390082,13590082,13790082,13990082,14190082
eval_rew,0.0,0.0,0.0,0.0,0.0,0.0,0.0,0.0,0.0,0.0,0.0,0.0,0.0,0.0,0.0,0.0,0.0,0.0,0.0,0.0,0.0,0.0,0.0,0.0,0.0,0.0,0.0,0.0,0.0,0.0,0.0,0.0,0.0,0.0,0.0,0.0,0.0,0.0,0.0,0.0,0.0,0.0,0.0,0.0,0.0,0.0,0.0,0.0,0.0,0.0,0.0,0.0,0.0,0.0,0.0,0.0,0.0,0.0,0.0,0.0,0.0,0.0,0.0,0.0,0.0,0.0,0.0,0.0,0.0,0.0,0.0,0.0
train_rew,0.0,0.005,0.0,0.01,0.005,0.005,0.0,0.005,0.0,0.005,0.0,0.005,0.0,0.0,0.0,0.0,0.0,0.0,0.0,0.0,0.0,0.0,0.0,0.0,0.0,0.005,0.0,0.0,0.005,0.015,0.0,0.005,0.0,0.0,0.005,0.0,0.0,0.0,0.0,0.0,0.0,0.0,0.0,0.0,0.0,0.015,0.005,0.005,0.0,0.0,0.0,0.0,0.01,0.005,0.0,0.0,0.005,0.0,0.0,0.01,0.0,0.005,0.005,0.0,0.005,0.0,0.0,0.005,0.0,0.0,0.0,0.0
level,0,1,1,1,1,1,1,1,1,1,1,1,1,1,1,1,1,1,1,1,1,1,1,1,1,1,1,1,1,1,1,1,1,1,1,1,1,1,1,1,1,1,1,1,1,1,1,1,1,1,1,1,1,1,1,1,1,1,1,1,1,1,1,1,1,1,1,1,1,1,1,1
count_id,0,14,14,14,14,14,14,14,14,14,14,14,14,14,14,14,14,14,14,14,14,14,14,14,14,14,14,14,14,14,14,14,14,14,14,14,14,14,14,14,14,14,14,14,14,14,14,14,14,14,14,14,14,14,14,14,14,14,14,14,14,14,14,14,14,14,14,14,14,14,14,14
norm_ent 0,0.9798617755720856,0.9968039477476376,0.9968039477476376,0.9968039477476376,0.9968039477476376,0.9968039477476376,0.9968039477476376,0.9968039477476376,0.9968039477476376,0.9968039477476376,0.9968039477476376,0.9968039477476376,0.9968039477476376,0.9968039477476376,0.9968039477476376,0.9968039477476376,0.9968039477476376,0.9968039477476376,0.9968039477476376,0.9968039477476376,0.9968039477476376,0.9968039477476376,0.9968039477476376,0.9968039477476376,0.9968039477476376,0.9968039477476376,0.9968039477476376,0.9968039477476376,0.9968039477476376,0.9968039477476376,0.9968039477476376,0.9968039477476376,0.9968039477476376,0.9968039477476376,0.9968039477476376,0.9968039477476376,0.9968039477476376,0.9968039477476376,0.9968039477476376,0.9968039477476376,0.9968039477476376,0.9968039477476376,0.9968039477476376,0.9968039477476376,0.9968039477476376,0.9968039477476376,0.9968039477476376,0.9968039477476376,0.9968039477476376,0.9968039477476376,0.9968039477476376,0.9968039477476376,0.9968039477476376,0.9968039477476376,0.9968039477476376,0.9968039477476376,0.9968039477476376,0.9968039477476376,0.9968039477476376,0.9968039477476376,0.9968039477476376,0.9968039477476376,0.9968039477476376,0.9968039477476376,0.9968039477476376,0.9968039477476376,0.9968039477476376,0.9968039477476376,0.9968039477476376,0.9968039477476376,0.9968039477476376,0.9968039477476376
norm_ent 1,0.9630600577963975,0.9976945235833122,0.9976945235833122,0.9976945235833122,0.9976945235833122,0.9976945235833122,0.9976945235833122,0.9976945235833122,0.9976945235833122,0.9976945235833122,0.9976945235833122,0.9976945235833122,0.9976945235833122,0.9976945235833122,0.9976945235833122,0.9976945235833122,0.9976945235833122,0.9976945235833122,0.9976945235833122,0.9976945235833122,0.9976945235833122,0.9976945235833122,0.9976945235833122,0.9976945235833122,0.9976945235833122,0.9976945235833122,0.9976945235833122,0.9976945235833122,0.9976945235833122,0.9976945235833122,0.9976945235833122,0.9976945235833122,0.9976945235833122,0.9976945235833122,0.9976945235833122,0.9976945235833122,0.9976945235833122,0.9976945235833122,0.9976945235833122,0.9976945235833122,0.9976945235833122,0.9976945235833122,0.9976945235833122,0.9976945235833122,0.9976945235833122,0.9976945235833122,0.9976945235833122,0.9976945235833122,0.9976945235833122,0.9976945235833122,0.9976945235833122,0.9976945235833122,0.9976945235833122,0.9976945235833122,0.9976945235833122,0.9976945235833122,0.9976945235833122,0.9976945235833122,0.9976945235833122,0.9976945235833122,0.9976945235833122,0.9976945235833122,0.9976945235833122,0.9976945235833122,0.9976945235833122,0.9976945235833122,0.9976945235833122,0.9976945235833122,0.9976945235833122,0.9976945235833122,0.9976945235833122,0.9976945235833122
norm_ent 2,0.9684053634999744,0.9979849715099309,0.9979849715099309,0.9979849715099309,0.9979849715099309,0.9979849715099309,0.9979849715099309,0.9979849715099309,0.9979849715099309,0.9979849715099309,0.9979849715099309,0.9979849715099309,0.9979849715099309,0.9979849715099309,0.9979849715099309,0.9979849715099309,0.9979849715099309,0.9979849715099309,0.9979849715099309,0.9979849715099309,0.9979849715099309,0.9979849715099309,0.9979849715099309,0.9979849715099309,0.9979849715099309,0.9979849715099309,0.9979849715099309,0.9979849715099309,0.9979849715099309,0.9979849715099309,0.9979849715099309,0.9979849715099309,0.9979849715099309,0.9979849715099309,0.9979849715099309,0.9979849715099309,0.9979849715099309,0.9979849715099309,0.9979849715099309,0.9979849715099309,0.9979849715099309,0.9979849715099309,0.9979849715099309,0.9979849715099309,0.9979849715099309,0.9979849715099309,0.9979849715099309,0.9979849715099309,0.9979849715099309,0.9979849715099309,0.9979849715099309,0.9979849715099309,0.9979849715099309,0.9979849715099309,0.9979849715099309,0.9979849715099309,0.9979849715099309,0.9979849715099309,0.9979849715099309,0.9979849715099309,0.9979849715099309,0.9979849715099309,0.9979849715099309,0.9979849715099309,0.9979849715099309,0.9979849715099309,0.9979849715099309,0.9979849715099309,0.9979849715099309,0.9979849715099309,0.9979849715099309,0.9979849715099309
norm_ent 3,0.9723974494612612,0.9965664199447634,0.9965664199447634,0.9965664199447634,0.9965664199447634,0.9965664199447634,0.9965664199447634,0.9965664199447634,0.9965664199447634,0.9965664199447634,0.9965664199447634,0.9965664199447634,0.9965664199447634,0.9965664199447634,0.9965664199447634,0.9965664199447634,0.9965664199447634,0.9965664199447634,0.9965664199447634,0.9965664199447634,0.9965664199447634,0.9965664199447634,0.9965664199447634,0.9965664199447634,0.9965664199447634,0.9965664199447634,0.9965664199447634,0.9965664199447634,0.9965664199447634,0.9965664199447634,0.9965664199447634,0.9965664199447634,0.9965664199447634,0.9965664199447634,0.9965664199447634,0.9965664199447634,0.9965664199447634,0.9965664199447634,0.9965664199447634,0.9965664199447634,0.9965664199447634,0.9965664199447634,0.9965664199447634,0.9965664199447634,0.9965664199447634,0.9965664199447634,0.9965664199447634,0.9965664199447634,0.9965664199447634,0.9965664199447634,0.9965664199447634,0.9965664199447634,0.9965664199447634,0.9965664199447634,0.9965664199447634,0.9965664199447634,0.9965664199447634,0.9965664199447634,0.9965664199447634,0.9965664199447634,0.9965664199447634,0.9965664199447634,0.9965664199447634,0.9965664199447634,0.9965664199447634,0.9965664199447634,0.9965664199447634,0.9965664199447634,0.9965664199447634,0.9965664199447634,0.9965664199447634,0.9965664199447634
norm_ent 4,0.5445614039482313,0.617792629467757,0.6141191810333076,0.614763991093913,0.6123866305892833,0.6085892905128041,0.6102376644070757,0.6088671279998178,0.606229420002806,0.604652658588208,0.606348547413484,0.6045891352632727,0.6042221477060988,0.6043167907294232,0.604350836706432,0.604226736674917,0.6050249844372534,0.6048820706586868,0.6054515409217031,0.6055799593920784,0.6063747059507836,0.6064228822350913,0.6058895613664618,0.605040895754925,0.6042182943368495,0.6041458875541231,0.6037898373696523,0.6035322642855708,0.603632411046537,0.6042172802929974,0.6045767587277999,0.6042692468820128,0.6043430477797854,0.6044216237246579,0.604086553632444,0.6044487226537398,0.6042160787686142,0.6035879929884171,0.6042041891847469,0.6043094131587328,0.6042551068366968,0.604398531833405,0.6042156365797408,0.6045597987201736,0.6047805757997872,0.6046812134438428,0.6045963813665508,0.6044947205920728,0.6046647595614659,0.6049234215650998,0.6051631266632963,0.6050960719240578,0.605087249974798,0.6049222205782055,0.6046367819533882,0.6044945993330888,0.6044965333036741,0.6045326945790616,0.6046867174520402,0.6047081681645012,0.604948474264758,0.6052714529013825,0.6054342460821339,0.6057874266514122,0.6058512237312939,0.6059188075925199,0.6062763386610803,0.6064783053900675,0.6067024041469653,0.606752603763476,0.6066433326146187,0.6063327159051664
norm_ent 5,0.5445614039482313,0.5948057109260735,0.6056658832918989,0.5998361687763949,0.600205741525876,0.5998782890370619,0.6026118629443399,0.6001107924952005,0.6013331177664525,0.6021636301156877,0.6021106321956565,0.6017251781994267,0.6042306951425762,0.6022516194995774,0.6008526268745201,0.6002550286807763,0.6005309126685493,0.6000026376472393,0.6001092588096124,0.6000676618762003,0.6000851458731664,0.5998296371460216,0.6000002307494466,0.5997430886252377,0.6008048890058901,0.6005233686556439,0.6017633523393876,0.6023785925059102,0.6022737861668688,0.6018405413708783,0.6017158059205123,0.6017688480987128,0.6016468323476386,0.6016374094695671,0.6016344966463772,0.6018213589547627,0.6019130768134477,0.6018310927580406,0.6021443183654311,0.6024212279410697,0.602276459371103,0.6024539596122921,0.6023211952922528,0.6024386600225415,0.6022395645249239,0.6021320835625511,0.6021661354711244,0.6022121478224044,0.6023396469968575,0.6024239268328859,0.6025101578212493,0.6029190402383021,0.6032340337566462,0.6034133482814547,0.6038791519794702,0.6040934290862203,0.604164515291054,0.6040819585855884,0.6041710370388929,0.6042263722693803,0.6044222324659843,0.6043409756927622,0.6043758227321844,0.6043171309574221,0.6046281785363851,0.6043989756783646,0.6045561932966433,0.604308044879207,0.6042297253655331,0.6043840438241236,0.6042446773548998,0.60439017527952
norm_ent 6,,,,,,,,,,,,,,,,,,,,,,,,,,,,,,,,,,,,,,,,,,,,,,,,,,,,,,,,,,,,,,,,,,,,,,,,
norm_ent 7,,,,,,,,,,,,,,,,,,,,,,,,,,,,,,,,,,,,,,,,,,,,,,,,,,,,,,,,,,,,,,,,,,,,,,,,
norm_ent 8,,,,,,,,,,,,,,,,,,,,,,,,,,,,,,,,,,,,,,,,,,,,,,,,,,,,,,,,,,,,,,,,,,,,,,,,
norm_ent 9,,,,,,,,,,,,,,,,,,,,,,,,,,,,,,,,,,,,,,,,,,,,,,,,,,,,,,,,,,,,0.711624412886146,0.711624412886146,0.711624412886146,0.711624412886146,0.711624412886146,0.711624412886146,0.711624412886146,0.711624412886146,0.711624412886146,0.711624412886146,0.711624412886146,0.711624412886146,0.711624412886146
norm_ent 10,,0.7215527985354704,0.7280605388121573,0.7280605388121573,0.7280605388121573,0.7280605388121573,0.7280605388121573,0.7280605388121573,0.7280605388121573,0.7280605388121573,0.7280605388121573,0.7280605388121573,0.7280605388121573,0.7280605388121573,0.7280605388121573,0.7280605388121573,0.7280605388121573,0.7280605388121573,0.7280605388121573,0.7280605388121573,0.7280605388121573,0.7280605388121573,0.7280605388121573,0.7280605388121573,0.7280605388121573,0.7280605388121573,0.7280605388121573,0.7280605388121573,0.7280605388121573,0.7280605388121573,0.7280605388121573,0.7280605388121573,0.7280605388121573,0.7280605388121573,0.7280605388121573,0.7280605388121573,0.7280605388121573,0.7280605388121573,0.7280605388121573,0.7280605388121573,0.7280605388121573,0.7280605388121573,0.7280605388121573,0.7280605388121573,0.7280605388121573,0.7280605388121573,0.7280605388121573,0.7280605388121573,0.7280605388121573,0.7280605388121573,0.7280605388121573,0.7280605388121573,0.7280605388121573,0.7280605388121573,0.7280605388121573,0.7280605388121573,0.7280605388121573,0.7280605388121573,0.7280605388121573,0.7280605388121573,0.7280605388121573,0.7280605388121573,0.7280605388121573,0.7280605388121573,0.7280605388121573,0.7280605388121573,0.7280605388121573,0.7280605388121573,0.7280605388121573,0.7280605388121573,0.7280605388121573,0.7280605388121573
norm_ent 11,,,,,,,,,,,,,,,,,,,,,,,,,,,,,,,,,,,,,,,,,,,,,,,,,,,,,,,,,,,,,,,,,,,,,,,,
norm_ent 12,,,,,,,,,,,,,,,,,,,,,,,,,,,,,,,,,,,,,,,,,,,,,,,,,,,,,,,,,,,,,,,,,,,,,,,,
norm_ent 13,,,,,,,,,,,,,,,,,,,,,,,,,,,,,,,,,,,,,,,,,,,,,,,,,,,,,,,,,,,,0.710981592573163,0.710981592573163,0.710981592573163,0.710981592573163,0.710981592573163,0.710981592573163,0.710981592573163,0.710981592573163,0.710981592573163,0.710981592573163,0.710981592573163,0.710981592573163,0.710981592573163
norm_ent 14,,0.7183374325061778,0.7222457444483474,0.7170951299576143,0.7195308882272268,0.7200759304566204,0.7230026045358339,0.7210820676264817,0.7223157330297714,0.7232009721440131,0.723109623635885,0.723109623635885,0.723109623635885,0.723109623635885,0.723109623635885,0.723109623635885,0.723109623635885,0.723109623635885,0.723109623635885,0.723109623635885,0.723109623635885,0.723109623635885,0.723109623635885,0.723109623635885,0.723109623635885,0.723109623635885,0.723109623635885,0.723109623635885,0.723109623635885,0.723109623635885,0.723109623635885,0.723109623635885,0.723109623635885,0.723109623635885,0.723109623635885,0.723109623635885,0.723109623635885,0.723109623635885,0.723109623635885,0.723109623635885,0.723109623635885,0.723109623635885,0.723109623635885,0.723109623635885,0.723109623635885,0.723109623635885,0.723109623635885,0.723109623635885,0.723109623635885,0.723109623635885,0.723109623635885,0.723109623635885,0.723109623635885,0.723109623635885,0.723109623635885,0.723109623635885,0.723109623635885,0.723109623635885,0.723109623635885,0.723109623635885,0.723109623635885,0.723109623635885,0.723109623635885,0.723109623635885,0.723109623635885,0.723109623635885,0.723109623635885,0.723109623635885,0.723109623635885,0.723109623635885,0.723109623635885,0.723109623635885
norm_ent 15,,,,,,,,,,,,,,,,,,,,,,,,,,,,,,,,,,,,,,,,,,,,,,,,,,,,,,,,,,,,,,,,,,,,,,,,
norm_ent 16,,,,,,,,,,,,,,,,,,,,,,,,,,,,,,,,,,,,,,,,,,,,,,,,,,,,,,,,,,,,0.711377867066531,0.711377867066531,0.711377867066531,0.711377867066531,0.711377867066531,0.711377867066531,0.711377867066531,0.711377867066531,0.711377867066531,0.711377867066531,0.711377867066531,0.711377867066531,0.711377867066531
norm_ent 17,,0.7193342188829602,0.7267537160799752,0.7227524457912834,0.7232076250981105,0.723066768128348,0.7249707797009933,0.723249383603067,0.7241178784315135,0.7247261987247694,0.7245006198544891,0.7245006198544891,0.7245006198544891,0.7245006198544891,0.7245006198544891,0.7245006198544891,0.7245006198544891,0.7245006198544891,0.7245006198544891,0.7245006198544891,0.7245006198544891,0.7245006198544891,0.7245006198544891,0.7245006198544891,0.7245006198544891,0.7245006198544891,0.7245006198544891,0.7245006198544891,0.7245006198544891,0.7245006198544891,0.7245006198544891,0.7245006198544891,0.7245006198544891,0.7245006198544891,0.7245006198544891,0.7245006198544891,0.7245006198544891,0.7245006198544891,0.7245006198544891,0.7245006198544891,0.7245006198544891,0.7245006198544891,0.7245006198544891,0.7245006198544891,0.7245006198544891,0.7245006198544891,0.7245006198544891,0.7245006198544891,0.7245006198544891,0.7245006198544891,0.7245006198544891,0.7245006198544891,0.7245006198544891,0.7245006198544891,0.7245006198544891,0.7245006198544891,0.7245006198544891,0.7245006198544891,0.7245006198544891,0.7245006198544891,0.7245006198544891,0.7245006198544891,0.7245006198544891,0.7245006198544891,0.7245006198544891,0.7245006198544891,0.7245006198544891,0.7245006198544891,0.7245006198544891,0.7245006198544891,0.7245006198544891,0.7245006198544891
norm_ent 18,,,,,,,,,,,,,,,,,,,,,,,,,,,,,,,,,,,,,,,,,,,,,,,,,,,,,,,,,,,,0.7117006340927591,0.7117006340927591,0.7117006340927591,0.7117006340927591,0.7117006340927591,0.7117006340927591,0.7117006340927591,0.7117006340927591,0.7117006340927591,0.7117006340927591,0.7117006340927591,0.7117006340927591,0.7117006340927591
norm_ent 19,,0.7192626789129049,0.7265393189338379,0.7226406746377863,0.7230065851646398,0.7226926028921297,0.7246182203548179,0.722968529863844,0.7237348213540509,0.7243212672896835,0.7241755431424375,0.7241755431424375,0.7241755431424375,0.7241755431424375,0.7241755431424375,0.7241755431424375,0.7241755431424375,0.7241755431424375,0.7241755431424375,0.7241755431424375,0.7241755431424375,0.7241755431424375,0.7241755431424375,0.7241755431424375,0.7241755431424375,0.7241755431424375,0.7241755431424375,0.7241755431424375,0.7241755431424375,0.7241755431424375,0.7241755431424375,0.7241755431424375,0.7241755431424375,0.7241755431424375,0.7241755431424375,0.7241755431424375,0.7241755431424375,0.7241755431424375,0.7241755431424375,0.7241755431424375,0.7241755431424375,0.7241755431424375,0.7241755431424375,0.7241755431424375,0.7241755431424375,0.7241755431424375,0.7241755431424375,0.7241755431424375,0.7241755431424375,0.7241755431424375,0.7241755431424375,0.7241755431424375,0.7241755431424375,0.7241755431424375,0.7241755431424375,0.7241755431424375,0.7241755431424375,0.7241755431424375,0.7241755431424375,0.7241755431424375,0.7241755431424375,0.7241755431424375,0.7241755431424375,0.7241755431424375,0.7241755431424375,0.7241755431424375,0.7241755431424375,0.7241755431424375,0.7241755431424375,0.7241755431424375,0.7241755431424375,0.7241755431424375
norm_ent 20,,0.4578099590538067,0.4622495478492305,0.45890417475962514,0.45762068945885376,0.45490668617691615,0.45788184512491525,0.4552074785807484,0.45435167486191247,0.4538924672369949,0.4550667466569373,0.4535760621687162,0.45511499099507063,0.45383857181804055,0.4529301848389693,0.4524799277538563,0.45325358441371966,0.45280966268587247,0.4532945136873806,0.4533605244421256,0.4539011810332322,0.4537671137337335,0.45351978921101366,0.45276658900332195,0.4529477778297081,0.4526937760858861,0.4533335489425983,0.45357194356531544,0.4535734086491612,0.4536890571037977,0.4538470950521551,0.45367586341730054,0.4536450457378455,0.45369943689345277,0.45347861792463545,0.45385604047793376,0.4537729503723925,0.4532910155047697,0.45393071771179533,0.45420200129504396,0.45407012686422116,0.45428732273782485,0.4540768727731723,0.4543896577760242,0.4544127999414135,0.4542744852320847,0.45424184433698395,0.4542023332235134,0.45441391680278886,0.45464422421892625,0.4548709440132843,0.4551134352901471,0.4553224672502313,0.45533482508225454,0.4554610874389562,0.45551093932343234,0.4555638640057321,0.4555350825588976,0.4556956942959374,0.4557166107188771,0.4560101106395825,0.45617890737673855,0.45631988120680567,0.4565278349916123,0.4567847210105293,0.4566712933616382,0.45702898105811246,0.4569995580944016,0.45710186196582775,0.45724594181907263,0.45707342978339854,0.45696119867891066
norm_ent 21,,,,,,,,,,,,,,,,,,,,,,,,,,,,,,,,,,,,,,,,,,,,,,,,,,,,,,,,,,,,,,,,,,,,,,,,
norm_ent 22,,,,,,,,,,,,,,,,,,,,,,,,,,,,,,,,,,,,,,,,,,,,,,,,,,,,,,,,,,,,,,,,,,,,,,,,
norm_ent 23,,,,,,,,,,,,,,,,,,,,,,,,,,,,,,,,,,,,,,,,,,,,,,,,,,,,,,,,,,,,,,,,,,,,,,,,
norm_ent 24,,,,,,,,,,,,,,,,,,,,,,,,,,,,,,,,,,,,,,,,,,,,,,,,,,,,,,,,,,,,,,,,,,,,,,,,
norm_ent 25,,,,,,,,,,,,,,,,,,,,,,,,,,,,,,,,,,,,,,,,,,,,,,,,,,,,,,,,,,,,,,,,,,,,,,,,
norm_ent 26,,,,,,,,,,,,,,,,,,,,,,,,,,,,,,,,,,,,,,,,,,,,,,,,,,,,,,,,,,,,,,,,,,,,,,,,
norm_ent 27,,,,,,,,,,,,,,,,,,,,,,,,,,,,,,,,,,,,,,,,,,,,,,,,,,,,,,,,,,,,,,,,,,,,,,,,
norm_ent 28,,,,,,,,,,,,,,,,,,,,,,,,,,,,,,,,,,,,,,,,,,,,,,,,,,,,,,,,,,,,,,,,,,,,,,,,
norm_ent 29,,,,,,,,,,,,,,,,,,,,,,,,,,,,,,,,,,,,,,,,,,,,,,,,,,,,,,,,,,,,,,,,,,,,,,,,
norm_ent 30,,0.5845010303555583,0.5882772343833688,0.5858345257038151,0.5848933917476522,0.5828413825525852,0.5851260918870819,0.5831388289089174,0.5824976905543935,0.5821322820183102,0.5829944352393798,0.5818269909464795,0.5830263019200861,0.5820397449180298,0.5813283249257842,0.5809731846089763,0.5816004998876598,0.5812756195281762,0.5816597074551288,0.5816944008896378,0.5821318824031341,0.582034493280089,0.5818497257206232,0.5812776940531473,0.5814313940594171,0.5812539898459573,0.5817334378787132,0.5819208623944456,0.5819169374909274,0.5819916591720137,0.5821079235148261,0.5819754025955922,0.5819563562998875,0.581999121207279,0.5818300855343843,0.5821100777393555,0.5820330422934821,0.5816611971164511,0.5821601424390027,0.5823714898292989,0.5822651805128803,0.582422718257583,0.5822640732286397,0.5825018792088552,0.5825205394425231,0.5824061955082223,0.5823755220342018,0.5823491060691712,0.5825154301308163,0.582686722036576,0.5828544237293957,0.5830392133368762,0.5832060473712675,0.5832066295458598,0.583295936347994,0.5833333739536312,0.5833783834947739,0.5833648125265052,0.5834884875633918,0.5835048469826061,0.583732272561011,0.5838646493232356,0.5839783892827564,0.5841375280130857,0.5843355390804056,0.5842459607302876,0.5845138930948615,0.5844961291389017,0.5845743651281808,0.5846880686910341,0.5845521130689826,0.5844658254204214
norm_ent 31,,,,,,,,,,,,,,,,,,,,,,,,,,,,,,,,,,,,,,,,,,,,,,,,,,,,,,,,,,,,,,,,,,,,,,,,
norm_ent 32,,,,,,,,,,,,,,,,,,,,,,,,,,,,,,,,,,,,,,,,,,,,,,,,,,,,,,,,,,,,,,,,,,,,,,,,
norm_ent 33,,,,,,,,,,,,,,,,,,,,,,,,,,,,,,,,,,,,,,,,,,,,,,,,,,,,,,,,,,,,,,,,,,,,,,,,
norm_ent 34,,,,,,,,,,,,,,,,,,,,,,,,,,,,,,,,,,,,,,,,,,,,,,,,,,,,,,,,,,,,,,,,,,,,,,,,
norm_ent 35,,,,,,,,,,,,,,,,,,,,,,,,,,,,,,,,,,,,,,,,,,,,,,,,,,,,,,,,,,,,,,,,,,,,,,,,
norm_ent 36,,0.5847835771511245,0.58816194709603,0.585671976067812,0.5847301222094644,0.5826647396851165,0.5849629424566293,0.5829161969358888,0.5822744142946105,0.5819671045899075,0.5829019936478652,0.5817795915460956,0.5829608102271551,0.5820030182651194,0.5813416641151012,0.5809938135209913,0.5815670060961919,0.5812125103288978,0.5815965065977289,0.5816704086987091,0.5820818502000945,0.5819970075795687,0.5818050100944573,0.5812187468274074,0.5813494529283694,0.5811635704916586,0.5816496761159147,0.5818197395712716,0.581833642141941,0.5819225583246338,0.5820366634397407,0.5819157053446764,0.5819017962744533,0.5819473947617919,0.5817923854747319,0.5820737641594079,0.5820106905257925,0.5816490390244751,0.5821446644927525,0.5823455644220501,0.5822528673364449,0.5824184845011936,0.5822595795117077,0.5825024884605263,0.5825173352627511,0.5824143027721312,0.58238927922121,0.5823608666981733,0.5825212882944728,0.5827008974948674,0.5828714741340192,0.5830573183621819,0.5832107601239195,0.5832203259101477,0.583317811492052,0.5833512810819286,0.5833918579228525,0.5833673041622188,0.5834898196898071,0.5835075732114952,0.5837302277603065,0.583855929567446,0.5839675411044715,0.5841316591899077,0.5843228656772822,0.5842396870920072,0.5845138009512384,0.5844851963800739,0.5845663129080468,0.5846758029637126,0.5845552392869703,0.5844712646641287
norm_ent 37,,,,,,,,,,,,,,,,,,,,,,,,,,,,,,,,,,,,,,,,,,,,,,,,,,,,,,,,,,,,,,,,,,,,,,,,
norm_ent 38,,,,,,,,,,,,,,,,,,,,,,,,,,,,,,,,,,,,,,,,,,,,,,,,,,,,,,,,,,,,,,,,,,,,,,,,
norm_ent 39,,0.5847443804454593,0.5881568936389423,0.5857383700553475,0.5849676589647991,0.5829824745024175,0.5852355940263839,0.5831928403245668,0.5825739435708792,0.5822885185929054,0.583207247573566,0.5820712657805237,0.5832290936272766,0.5822566402141229,0.5815700520636574,0.5812317876573823,0.5817994136745753,0.5814804510686605,0.5818481979460075,0.5819080266109776,0.5823102167800124,0.5822204166215262,0.5820202178943422,0.5814349657539587,0.5815723401663312,0.5813710226734183,0.5818654503017134,0.582054539070284,0.5820602257344828,0.5821417819810847,0.5822651568952315,0.582136690712989,0.5821263824243808,0.5821807333939735,0.5820114573368638,0.5823059563251731,0.5822362592426127,0.5818612808055836,0.5823541579210467,0.5825646519195475,0.582461090215412,0.5826205514060293,0.5824591665936957,0.5826972195260165,0.5827089380847973,0.5826066200939015,0.5825869400397541,0.5825594792532426,0.5827206567357903,0.5829015502535995,0.5830732073864274,0.5832536683711528,0.5834228416007682,0.5834368506116558,0.5835360045273027,0.5835760850622007,0.5836204067044966,0.5835986107106843,0.5837138937159181,0.5837309969733259,0.5839583322752787,0.5840832310159657,0.5841851125122295,0.5843496157106122,0.5845494610543065,0.5844626891816243,0.5847278199253026,0.5847052539018445,0.5847839650202208,0.5848960837953403,0.5847641634750066,0.5846778791437868
norm_ent 40,,0.584911173136807,0.5882395564684989,0.5858216153439031,0.5849622726864876,0.582848143066788,0.5851347677928115,0.5831137082809055,0.5824091224468652,0.5820883942610807,0.5830555382138741,0.581933482361152,0.5830748539113654,0.5821307270599707,0.5814602494830957,0.5811486058649188,0.5817681147962807,0.5814618231065187,0.5818475861811904,0.5818999566333349,0.582307711299349,0.5822069339678415,0.5820181067857318,0.5814584600103333,0.5815917710492371,0.5814125281381186,0.5818957762186712,0.5820600458499778,0.5820541814107891,0.5821487314281041,0.5822720894777073,0.5821415162912591,0.5821236624169995,0.5821626823820468,0.5819984194034397,0.5822862199805867,0.5822224299337825,0.5818552445495996,0.5823485874887029,0.5825563147629138,0.5824558276427193,0.582631120392505,0.5824663028622628,0.5826991764800791,0.5827228841802188,0.582617361053996,0.5825943716692381,0.5825656964977366,0.5827278085107688,0.582908640627781,0.5830766026062255,0.5832665667089433,0.5834249684036278,0.5834341403501122,0.583527541984918,0.5835622304112368,0.5836014871753387,0.5835772879784116,0.5837052588248414,0.5837257203222229,0.5839510046734787,0.584080064364036,0.5841924307633641,0.5843494247298897,0.5845414978858408,0.5844525479558702,0.584723203530653,0.5847022439714913,0.5847825245450029,0.5848946746448159,0.5847656686870991,0.5846831155843306
norm_ent 41,,,,,,,,,,,,,,,,,,,,,,,,,,,,,,,,,,,,,,,,,,,,,,,,,,,,,,,,,,,,,,,,,,,,,,,,
norm_ent 42,,,,,,,,,,,,,,,,,,,,,,,,,,,,,,,,,,,,,,,,,,,,,,,,,,,,,,,,,,,,,,,,,,,,,,,,
norm_ent 43,,,,,,,,,,,,,,,,,,,,,,,,,,,,,,,,,,,,,,,,,,,,,,,,,,,,,,,,,,,,,,,,,,,,,,,,
norm_ent 44,,,,,,,,,,,,,,,,,,,,,,,,,,,,,,,,,,,,,,,,,,,,,,,,,,,,,,,,,,,,,,,,,,,,,,,,
norm_ent 45,,,,,,,,,,,,,,,,,,,,,,,,,,,,,,,,,,,,,,,,,,,,,,,,,,,,,,,,,,,,,,,,,,,,,,,,
norm_ent 46,,,,,,,,,,,0.6525899988591315,0.6452501096219068,0.6537385767712152,0.651350158579227,0.6503053201379676,0.650243609094545,0.6520500771511972,0.6517815579327022,0.652762527789164,0.6530690086946275,0.6538469256728332,0.6538259030931038,0.6536592984644574,0.6529313135959084,0.6532258294107868,0.6530692827421328,0.6537062252150467,0.6539774595027741,0.6540495963984725,0.6542053227038871,0.6543841125753903,0.6542866658538025,0.6543024432857852,0.6543880894668467,0.65422851854906,0.6545599968266899,0.6544990964021647,0.6541124596013107,0.6546894970935141,0.6549293348821362,0.6548368492548126,0.6550220465415244,0.6548724838004202,0.6551347917051675,0.6551627706825468,0.6550621530259635,0.6550379496306133,0.6550222522476477,0.6552003754653407,0.6553813883684179,0.6555552583628659,0.6557448538449882,0.6559107243415955,0.6559114007233977,0.6560029366425079,0.6560387432326688,0.6560873372592366,0.6560754983226558,0.6561968255033921,0.6562263467240396,0.6564462045242627,0.6565711482261604,0.6566808970433867,0.656832883349293,0.6570181399687754,0.6569335613502888,0.6571860302309503,0.6571621473144149,0.6572353728747881,0.6573379020961168,0.6572187282446079,0.6571388499807709
norm_ent 47,,,,,,,,,,,,,,,,,,,,,,,,,,,,,,,,,,,,,,,,,,,,,,,,,,,,,,,,,,,,,,,,,,,,,,,,
norm_ent 48,,,,,,,,,,,,,,,,,,,,,,,,,,,,,,,,,,,,,,,,,,,,,,,,,,,,,,,,,,,,,,,,,,,,,,,,
norm_ent 49,,,,,,,,,,,0.6575653594394519,0.6507364292606224,0.657711747902428,0.6558233423853496,0.6550171241669401,0.6552039355576925,0.6573670586273239,0.6572408913779343,0.6578322686515954,0.6580058021282585,0.6589904647516054,0.6590350938842652,0.6589004171391575,0.6581851542863508,0.6585711269341339,0.6584312282730367,0.6591718335576141,0.659565933197461,0.659565933197461,0.659565933197461,0.6597223239102603,0.6597223239102603,0.6597223239102603,0.6597223239102603,0.6597223239102603,0.6597066504165134,0.659635171486171,0.6590833174770389,0.6599717329719716,0.6600188360512633,0.6599123644838059,0.6602036599018527,0.6600397093471944,0.6602281661725238,0.660423582985298,0.6605549467338373,0.6605549467338373,0.6605549467338373,0.6605549467338373,0.6605460603476533,0.6607491949386934,0.6609003569765428,0.6609064691284775,0.6610031546413513,0.6611146016409668,0.6611732107413333,0.6611652312320803,0.6611737058270111,0.6611871304389295,0.6614288671803475,0.6614825899623742,0.6616055820554934,0.6618105426931321,0.66187602366546,0.662095148862783,0.662095148862783,0.662095148862783,0.662095148862783,0.6621238044779132,0.6622348651636225,0.6622348651636225,0.6622348651636225
norm_ent 50,,,,,,,,,,,0.6583073423620928,0.6508467404613839,0.6559604910567484,0.6543521788104889,0.6538184664263381,0.6542780362672244,0.6566154034875684,0.6565976795896549,0.6577461160535627,0.65814002045448,0.6583346473947512,0.6584360021741513,0.6583721212128183,0.6577246331447536,0.6581356194050997,0.658060268319313,0.6587967255964509,0.6591231042621151,0.6592130826524734,0.6594133830028001,0.6595082974445876,0.6594287242222878,0.6594854623971044,0.659597510769059,0.6594493334042726,0.6598412077273262,0.6598412077273262,0.6598412077273262,0.659867967018832,0.6601481412501706,0.6601481412501706,0.6601481412501706,0.660123011723006,0.6603196843683614,0.6602666274340414,0.6600539141367917,0.6600643592882589,0.6600782841145959,0.6603408488327089,0.6605944336444024,0.6606799713105816,0.6608428327055438,0.6610928264520793,0.6610489890004221,0.6611085520181669,0.6611470230394723,0.6611472292751592,0.6611472292751592,0.6613175974766181,0.6612082187916627,0.6614923164109916,0.6616015974464168,0.6616112166908128,0.6617922991527768,0.6619464415300063,0.6619464415300063,0.6619420674021261,0.6619490758710466,0.6620628032824393,0.662170329277627,0.6620189050273277,0.6619355562228254
norm_ent 51,,,,,,,,,,,,,,,,,,,,,,,,,,,,,,,,,,,,,,,,,,,,,,,,,,,,,,,,,,,,,,,,,,,,,,,,
norm_ent 52,,,,,,,,,,,,,,,,,,,,,,,,,,,,,,,,,,,,,,,,,,,,,,,,,,,,,,,,,,,,,,,,,,,,,,,,
norm_ent 53,,,,,,,,,,,,,,,,,,,,,,,,,,,,,,,,,,,,,,,,,,,,,,,,,,,,,,,,0.6527434622786247,0.6603159761942171,0.6603159761942171,0.6603159761942171,0.6603159761942171,0.6603159761942171,0.6603159761942171,0.6603159761942171,0.6609119635263997,0.6598499244016427,0.6584517245030168,0.6638720980994485,0.6638720980994485,0.6638720980994485,0.6638720980994485,0.6638720980994485,0.6638720980994485
norm_ent 54,,,,,,,,,,,,,0.657024188348249,0.657024188348249,0.657024188348249,0.657024188348249,0.657024188348249,0.657024188348249,0.657024188348249,0.657024188348249,0.6633568166100052,0.6633568166100052,0.6633568166100052,0.6633568166100052,0.6633568166100052,0.6633568166100052,0.6633568166100052,0.6633568166100052,0.6633568166100052,0.6633568166100052,0.6633568166100052,0.6633568166100052,0.6633568166100052,0.6633568166100052,0.6633568166100052,0.6633568166100052,0.6633568166100052,0.6633568166100052,0.6633568166100052,0.6633568166100052,0.6633568166100052,0.6633568166100052,0.6633568166100052,0.6633568166100052,0.6624453168225185,0.6624453168225185,0.6624453168225185,0.6624453168225185,0.6624453168225185,0.6624453168225185,0.6624453168225185,0.6624453168225185,0.6624453168225185,0.6624453168225185,0.6624453168225185,0.6624453168225185,0.6624453168225185,0.6624453168225185,0.6624453168225185,0.6624453168225185,0.6624453168225185,0.6624453168225185,0.6624453168225185,0.6624453168225185,0.6624453168225185,0.6624453168225185,0.6624453168225185,0.6624453168225185,0.6624453168225185,0.6624453168225185,0.6624453168225185,0.6624453168225185
norm_ent 55,,,,,,,,,,,,,0.6578879545666053,0.6563281523350578,0.6563281523350578,0.6563281523350578,0.6563281523350578,0.6563281523350578,0.658286947299644,0.6594121637988041,0.6590408085157767,0.6590408085157767,0.6590408085157767,0.6590408085157767,0.6590408085157767,0.6590408085157767,0.6590408085157767,0.6566471721973686,0.6560779449856301,0.6562223095202768,0.6566288114716274,0.6558320901484489,0.6557303230803874,0.6558195809681426,0.6552061869569746,0.6559789377818417,0.6557200998680925,0.6547599007454493,0.6559531763817948,0.6563897948312798,0.6561159649709576,0.6564211080764792,0.6560609976696199,0.6564564084807083,0.6564504840711757,0.6562322507117546,0.6561746312890993,0.6561169425463254,0.6563672248858855,0.6566448708819138,0.6568881383470374,0.657143455060895,0.6573526551432568,0.6573341636035486,0.6574339290946368,0.6574519580691396,0.6574798488947803,0.6574192839913523,0.6575577543653331,0.657573635088176,0.6578556798037625,0.6579946813888664,0.6581077631148763,0.6582966953049608,0.6585245912985028,0.6583718803534776,0.6586883719425323,0.6586289498100503,0.6586990576758985,0.658809201209308,0.6586224418250897,0.6584929792275749
norm_ent 56,,,,,,,,,,,,,,,,,,,,,,,,,,,,,,,,,,,,,,,,,,,,,,,,,,,,,,,,,,,,,,,,,,,,,,,,
norm_ent 57,,,,,,,,,,,,,,,,,,,,,,,,,,,,,,,,,,,,,,,,,,,,,,,,,,,,,,,,,,,,,,,,,,,,,,,,
norm_ent 58,,,,,,,,,,,,,,,,,,,,,,,,,,,,,,,,,,,,,,,,,,,,,,,,,,,,,,,,,,,,,,,,,,,,,,,,
norm_ent 59,,,,,,,,,,,,,,,,,,,,,,,,,,,,,,,,,,,,,,,,,,,,,,,,,,,,,,,,,,,,,,,,,,,,,,,,
norm_ent 60,,,,,,,,,,,,,,,,,,,,,,,,,,,,,,,,,,,,,,,,,,,,,,,,,,,,,,,,,,,,,,,,,,,,,,,,
norm_ent 61,,,,,,,,,,,,,,,,,,,,,,,,,,,,,,,,,,,,,,,,,,,,,,,,,,,,,,,,,,,,,,,,,,,,,,,,
norm_ent 62,,,,,,,,,,,,,,,,,,,,,,,,,,,,,,,,,,,,,,,,,,,,,,,,,,,,,,,,,,,,,,,,,,,,,,,,
